[{"id_Personaje": 1, "nombre_Personaje": "Rick Sanchez", "genero": "Male", "origen_Personaje": "Earth (C-137)", "ubicacion_Personaje": "Citadel of Ricks", "numero_Apariciones": 51}, {"id_Personaje": 2, "nombre_Personaje": "Morty Smith", "genero": "Male", "origen_Personaje": "unknown", "ubicacion_Personaje": "Citadel of Ricks", "numero_Apariciones": 51}, {"id_Personaje": 38, "nombre_Personaje": "Beth Smith", "genero": "Female", "origen_Personaje": "Earth (C-137)", "ubicacion_Personaje": "Earth (C-137)", "numero_Apariciones": 8}, {"id_Personaje": 87, "nombre_Personaje": "Cynthia", "genero": "Female", "origen_Personaje": "unknown", "ubicacion_Personaje": "Zigerion's Base", "numero_Apariciones": 1}, {"id_Personaje": 175, "nombre_Personaje": "Jerry Smith", "genero": "Male", "origen_Personaje": "Earth (C-137)", "ubicacion_Personaje": "Earth (C-137)", "numero_Apariciones": 7}, {"id_Personaje": 179, "nombre_Personaje": "Jessica", "genero": "Female", "origen_Personaje": "Earth (C-137)", "ubicacion_Personaje": "Earth (C-137)", "numero_Apariciones": 3}, {"id_Personaje": 181, "nombre_Personaje": "Jessica's Friend", "genero": "Female", "origen_Personaje": "Earth (C-137)", "ubicacion_Personaje": "Earth (Replacement Dimension)", "numero_Apariciones": 8}, {"id_Personaje": 191, "nombre_Personaje": "Kevin", "genero": "Male", "origen_Personaje": "unknown", "ubicacion_Personaje": "Zigerion's Base", "numero_Apariciones": 1}, {"id_Personaje": 239, "nombre_Personaje": "Mr. Goldenfold", "genero": "Male", "origen_Personaje": "Earth (C-137)", "ubicacion_Personaje": "Earth (C-137)", "numero_Apariciones": 4}, {"id_Personaje": 241, "nombre_Personaje": "Mr. Marklovitz", "genero": "Male", "origen_Personaje": "Earth (C-137)", "ubicacion_Personaje": "Earth (Replacement Dimension)", "numero_Apariciones": 2}, {"id_Personaje": 270, "nombre_Personaje": "Prince Nebulon", "genero": "Male", "origen_Personaje": "unknown", "ubicacion_Personaje": "Zigerion's Base", "numero_Apariciones": 1}, {"id_Personaje": 337, "nombre_Personaje": "Stu", "genero": "Male", "origen_Personaje": "unknown", "ubicacion_Personaje": "Zigerion's Base", "numero_Apariciones": 1}, {"id_Personaje": 338, "nombre_Personaje": "Summer Smith", "genero": "Female", "origen_Personaje": "Earth (C-137)", "ubicacion_Personaje": "Earth (C-137)", "numero_Apariciones": 7}]