[{"id_Personaje": 1, "nombre_Personaje": "Rick Sanchez", "genero": "Male", "origen_Personaje": "Earth (C-137)", "ubicacion_Personaje": "Citadel of Ricks", "genero_Personaje": "Male"}, {"id_Personaje": 2, "nombre_Personaje": "Morty Smith", "genero": "Male", "origen_Personaje": "unknown", "ubicacion_Personaje": "Citadel of Ricks", "genero_Personaje": "Male"}, {"id_Personaje": 5, "nombre_Personaje": "Jerry Smith", "genero": "Male", "origen_Personaje": "Earth (Replacement Dimension)", "ubicacion_Personaje": "Earth (Replacement Dimension)", "genero_Personaje": "Male"}, {"id_Personaje": 4, "nombre_Personaje": "Beth Smith", "genero": "Female", "origen_Personaje": "Earth (Replacement Dimension)", "ubicacion_Personaje": "Earth (Replacement Dimension)", "genero_Personaje": "Female"}, {"id_Personaje": 3, "nombre_Personaje": "Summer Smith", "genero": "Female", "origen_Personaje": "Earth (Replacement Dimension)", "ubicacion_Personaje": "Earth (Replacement Dimension)", "genero_Personaje": "Female"}, {"id_Personaje": 47, "nombre_Personaje": "Birdperson", "genero": "Male", "origen_Personaje": "Bird World", "ubicacion_Personaje": "Planet Squanch", "genero_Personaje": "Male"}, {"id_Personaje": 787, "nombre_Personaje": "Two Crows", "genero": "unknown", "origen_Personaje": "Earth (Replacement Dimension)", "ubicacion_Personaje": "Rick and Two Crows Planet", "genero_Personaje": "unknown"}, {"id_Personaje": 118, "nombre_Personaje": "Evil Morty", "genero": "Male", "origen_Personaje": "unknown", "ubicacion_Personaje": "Citadel of Ricks", "genero_Personaje": "Male"}, {"id_Personaje": 801, "nombre_Personaje": "7+7 Years Old Morty", "genero": "Male", "origen_Personaje": "Citadel of Ricks", "ubicacion_Personaje": "Citadel of Ricks", "genero_Personaje": "Male"}, {"id_Personaje": 802, "nombre_Personaje": "26 Years Old Morty", "genero": "Male", "origen_Personaje": "Citadel of Ricks", "ubicacion_Personaje": "Citadel of Ricks", "genero_Personaje": "Male"}, {"id_Personaje": 803, "nombre_Personaje": "40 Years Old Morty", "genero": "Male", "origen_Personaje": "Citadel of Ricks", "ubicacion_Personaje": "Citadel of Ricks", "genero_Personaje": "Male"}, {"id_Personaje": 804, "nombre_Personaje": "Andy", "genero": "Male", "origen_Personaje": "unknown", "ubicacion_Personaje": "Citadel of Ricks", "genero_Personaje": "Male"}, {"id_Personaje": 805, "nombre_Personaje": "Baby Mouse Skin Morty", "genero": "Male", "origen_Personaje": "Citadel of Ricks", "ubicacion_Personaje": "Citadel of Ricks", "genero_Personaje": "Male"}, {"id_Personaje": 806, "nombre_Personaje": "Metaphor for Capitalism", "genero": "Male", "origen_Personaje": "Citadel of Ricks", "ubicacion_Personaje": "Citadel of Ricks", "genero_Personaje": "Male"}, {"id_Personaje": 94, "nombre_Personaje": "Diane Sanchez", "genero": "Female", "origen_Personaje": "Earth (C-137)", "ubicacion_Personaje": "Rick's Memories", "genero_Personaje": "Female"}, {"id_Personaje": 807, "nombre_Personaje": "Beth Sanchez", "genero": "Female", "origen_Personaje": "Earth (C-137)", "ubicacion_Personaje": "Rick's Memories", "genero_Personaje": "Female"}, {"id_Personaje": 808, "nombre_Personaje": "Crow Scare", "genero": "Male", "origen_Personaje": "Rick and Two Crows Planet", "ubicacion_Personaje": "Rick and Two Crows Planet", "genero_Personaje": "Male"}, {"id_Personaje": 809, "nombre_Personaje": "Pussifer", "genero": "Male", "origen_Personaje": "Rick and Two Crows Planet", "ubicacion_Personaje": "Rick and Two Crows Planet", "genero_Personaje": "Male"}, {"id_Personaje": 810, "nombre_Personaje": "Stan Lee Rick", "genero": "Male", "origen_Personaje": "unknown", "ubicacion_Personaje": "Citadel of Ricks", "genero_Personaje": "Male"}, {"id_Personaje": 244, "nombre_Personaje": "Mr. Poopybutthole", "genero": "Male", "origen_Personaje": "unknown", "ubicacion_Personaje": "Earth (Replacement Dimension)", "genero_Personaje": "Male"}, {"id_Personaje": 285, "nombre_Personaje": "Rick Prime", "genero": "Male", "origen_Personaje": "unknown", "ubicacion_Personaje": "Citadel of Ricks", "genero_Personaje": "Male"}, {"id_Personaje": 274, "nombre_Personaje": "Quantum Rick", "genero": "Male", "origen_Personaje": "unknown", "ubicacion_Personaje": "Rick's Memories", "genero_Personaje": "Male"}, {"id_Personaje": 215, "nombre_Personaje": "Maximums Rickimus", "genero": "Male", "origen_Personaje": "unknown", "ubicacion_Personaje": "Rick's Memories", "genero_Personaje": "Male"}, {"id_Personaje": 294, "nombre_Personaje": "Ricktiminus Sancheziminius", "genero": "Male", "origen_Personaje": "unknown", "ubicacion_Personaje": "Rick's Memories", "genero_Personaje": "Male"}, {"id_Personaje": 389, "nombre_Personaje": "Zeta Alpha Rick", "genero": "Male", "origen_Personaje": "unknown", "ubicacion_Personaje": "Rick's Memories", "genero_Personaje": "Male"}, {"id_Personaje": 380, "nombre_Personaje": "Unknown Rick", "genero": "Male", "origen_Personaje": "unknown", "ubicacion_Personaje": "unknown", "genero_Personaje": "Male"}, {"id_Personaje": 38, "nombre_Personaje": "Beth Smith", "genero": "Female", "origen_Personaje": "Earth (C-137)", "ubicacion_Personaje": "Earth (C-137)", "genero_Personaje": "Female"}, {"id_Personaje": 811, "nombre_Personaje": "Re-Build-a-Morty Morty", "genero": "Male", "origen_Personaje": "unknown", "ubicacion_Personaje": "Citadel of Ricks", "genero_Personaje": "Male"}, {"id_Personaje": 812, "nombre_Personaje": "Deformed Morty", "genero": "Male", "origen_Personaje": "Citadel of Ricks", "ubicacion_Personaje": "Citadel of Ricks", "genero_Personaje": "Male"}, {"id_Personaje": 392, "nombre_Personaje": "Bearded Morty", "genero": "Male", "origen_Personaje": "unknown", "ubicacion_Personaje": "Citadel of Ricks", "genero_Personaje": "Male"}, {"id_Personaje": 813, "nombre_Personaje": "Crow Horse", "genero": "unknown", "origen_Personaje": "Rick and Two Crows Planet", "ubicacion_Personaje": "Earth (Replacement Dimension)", "genero_Personaje": "unknown"}, {"id_Personaje": 814, "nombre_Personaje": "Bald Rick", "genero": "Male", "origen_Personaje": "unknown", "ubicacion_Personaje": "Rick's Memories", "genero_Personaje": "Male"}, {"id_Personaje": 815, "nombre_Personaje": "Punk Rick", "genero": "Male", "origen_Personaje": "unknown", "ubicacion_Personaje": "Rick's Memories", "genero_Personaje": "Male"}, {"id_Personaje": 816, "nombre_Personaje": "Party Rick", "genero": "Male", "origen_Personaje": "unknown", "ubicacion_Personaje": "Rick's Memories", "genero_Personaje": "Male"}, {"id_Personaje": 817, "nombre_Personaje": "Scar Rick", "genero": "Male", "origen_Personaje": "unknown", "ubicacion_Personaje": "Rick's Memories", "genero_Personaje": "Male"}, {"id_Personaje": 818, "nombre_Personaje": "Long Hair Rick", "genero": "Male", "origen_Personaje": "unknown", "ubicacion_Personaje": "Citadel of Ricks", "genero_Personaje": "Male"}, {"id_Personaje": 819, "nombre_Personaje": "Redhead Rick", "genero": "Male", "origen_Personaje": "unknown", "ubicacion_Personaje": "Citadel of Ricks", "genero_Personaje": "Male"}, {"id_Personaje": 820, "nombre_Personaje": "Redhead Morty", "genero": "Male", "origen_Personaje": "unknown", "ubicacion_Personaje": "Citadel of Ricks", "genero_Personaje": "Male"}, {"id_Personaje": 822, "nombre_Personaje": "Young Jerry", "genero": "Male", "origen_Personaje": "Earth (Unknown dimension)", "ubicacion_Personaje": "Earth (Unknown dimension)", "genero_Personaje": "Male"}, {"id_Personaje": 823, "nombre_Personaje": "Young Beth", "genero": "Female", "origen_Personaje": "Earth (Unknown dimension)", "ubicacion_Personaje": "Earth (Unknown dimension)", "genero_Personaje": "Female"}, {"id_Personaje": 824, "nombre_Personaje": "Young Beth", "genero": "Female", "origen_Personaje": "Earth (Unknown dimension)", "ubicacion_Personaje": "Earth (Unknown dimension)", "genero_Personaje": "Female"}, {"id_Personaje": 825, "nombre_Personaje": "Young Jerry", "genero": "Male", "origen_Personaje": "Earth (Unknown dimension)", "ubicacion_Personaje": "Earth (Unknown dimension)", "genero_Personaje": "Male"}]