[{"id_Personaje": 1, "nombre_Personaje": "Rick Sanchez", "genero": "Male", "origen_Personaje": "Earth (C-137)", "ubicacion_Personaje": "Citadel of Ricks", "numero_Apariciones": 51}, {"id_Personaje": 2, "nombre_Personaje": "Morty Smith", "genero": "Male", "origen_Personaje": "unknown", "ubicacion_Personaje": "Citadel of Ricks", "numero_Apariciones": 51}, {"id_Personaje": 5, "nombre_Personaje": "Jerry Smith", "genero": "Male", "origen_Personaje": "Earth (Replacement Dimension)", "ubicacion_Personaje": "Earth (Replacement Dimension)", "numero_Apariciones": 39}, {"id_Personaje": 4, "nombre_Personaje": "Beth Smith", "genero": "Female", "origen_Personaje": "Earth (Replacement Dimension)", "ubicacion_Personaje": "Earth (Replacement Dimension)", "numero_Apariciones": 42}, {"id_Personaje": 3, "nombre_Personaje": "Summer Smith", "genero": "Female", "origen_Personaje": "Earth (Replacement Dimension)", "ubicacion_Personaje": "Earth (Replacement Dimension)", "numero_Apariciones": 42}, {"id_Personaje": 180, "nombre_Personaje": "Jessica", "genero": "Female", "origen_Personaje": "Earth (Replacement Dimension)", "ubicacion_Personaje": "Earth (Replacement Dimension)", "numero_Apariciones": 12}, {"id_Personaje": 672, "nombre_Personaje": "Mr. Nimbus", "genero": "Male", "origen_Personaje": "The Ocean", "ubicacion_Personaje": "Earth (Replacement Dimension)", "numero_Apariciones": 1}, {"id_Personaje": 673, "nombre_Personaje": "Hoovy", "genero": "Male", "origen_Personaje": "Narnia Dimension", "ubicacion_Personaje": "Narnia Dimension", "numero_Apariciones": 1}, {"id_Personaje": 674, "nombre_Personaje": "Bova", "genero": "Female", "origen_Personaje": "Narnia Dimension", "ubicacion_Personaje": "Narnia Dimension", "numero_Apariciones": 1}, {"id_Personaje": 675, "nombre_Personaje": "Japheth", "genero": "Male", "origen_Personaje": "Narnia Dimension", "ubicacion_Personaje": "Narnia Dimension", "numero_Apariciones": 1}, {"id_Personaje": 676, "nombre_Personaje": "Japheth's Middle Son", "genero": "Male", "origen_Personaje": "Narnia Dimension", "ubicacion_Personaje": "Narnia Dimension", "numero_Apariciones": 1}, {"id_Personaje": 677, "nombre_Personaje": "Japheth's Eldest Son", "genero": "Male", "origen_Personaje": "Narnia Dimension", "ubicacion_Personaje": "Narnia Dimension", "numero_Apariciones": 1}, {"id_Personaje": 678, "nombre_Personaje": "Japheth's Youngest Son", "genero": "Male", "origen_Personaje": "Narnia Dimension", "ubicacion_Personaje": "Narnia Dimension", "numero_Apariciones": 1}, {"id_Personaje": 679, "nombre_Personaje": "Japheth's Grandson", "genero": "Male", "origen_Personaje": "Narnia Dimension", "ubicacion_Personaje": "Narnia Dimension", "numero_Apariciones": 1}, {"id_Personaje": 680, "nombre_Personaje": "Adam", "genero": "Male", "origen_Personaje": "Narnia Dimension", "ubicacion_Personaje": "Earth (Replacement Dimension)", "numero_Apariciones": 1}, {"id_Personaje": 681, "nombre_Personaje": "Adam's Mother", "genero": "Female", "origen_Personaje": "Narnia Dimension", "ubicacion_Personaje": "Narnia Dimension", "numero_Apariciones": 1}, {"id_Personaje": 682, "nombre_Personaje": "Warlock", "genero": "Male", "origen_Personaje": "Narnia Dimension", "ubicacion_Personaje": "Narnia Dimension", "numero_Apariciones": 1}, {"id_Personaje": 683, "nombre_Personaje": "Evolved Narnian", "genero": "Male", "origen_Personaje": "Narnia Dimension", "ubicacion_Personaje": "Narnia Dimension", "numero_Apariciones": 1}, {"id_Personaje": 684, "nombre_Personaje": "Mr. Nimbus Secretary", "genero": "Female", "origen_Personaje": "The Ocean", "ubicacion_Personaje": "Earth (Replacement Dimension)", "numero_Apariciones": 1}, {"id_Personaje": 685, "nombre_Personaje": "Evolved Narnian Disguised as Morty", "genero": "Male", "origen_Personaje": "Narnia Dimension", "ubicacion_Personaje": "Narnia Dimension", "numero_Apariciones": 1}, {"id_Personaje": 686, "nombre_Personaje": "Mr. Nimbus' Squid", "genero": "Male", "origen_Personaje": "The Ocean", "ubicacion_Personaje": "Earth (Replacement Dimension)", "numero_Apariciones": 1}]