[{"id_Capitulo": 1, "nombre_Capitulo": "Pilot", "temporada_Capitulo": "S01E01", "lista_Personajes": 19}, {"id_Capitulo": 2, "nombre_Capitulo": "Lawnmower Dog", "temporada_Capitulo": "S01E02", "lista_Personajes": 19}, {"id_Capitulo": 3, "nombre_Capitulo": "Anatomy Park", "temporada_Capitulo": "S01E03", "lista_Personajes": 24}, {"id_Capitulo": 4, "nombre_Capitulo": "M. Night Shaym-Aliens!", "temporada_Capitulo": "S01E04", "lista_Personajes": 13}, {"id_Capitulo": 5, "nombre_Capitulo": "Meeseeks and Destroy", "temporada_Capitulo": "S01E05", "lista_Personajes": 20}, {"id_Capitulo": 6, "nombre_Capitulo": "Rick Potion #9", "temporada_Capitulo": "S01E06", "lista_Personajes": 24}, {"id_Capitulo": 7, "nombre_Capitulo": "Raising Gazorpazorp", "temporada_Capitulo": "S01E07", "lista_Personajes": 14}, {"id_Capitulo": 8, "nombre_Capitulo": "Rixty Minutes", "temporada_Capitulo": "S01E08", "lista_Personajes": 57}, {"id_Capitulo": 9, "nombre_Capitulo": "Something Ricked This Way Comes", "temporada_Capitulo": "S01E09", "lista_Personajes": 17}, {"id_Capitulo": 10, "nombre_Capitulo": "Close Rick-counters of the Rick Kind", "temporada_Capitulo": "S01E10", "lista_Personajes": 60}, {"id_Capitulo": 11, "nombre_Capitulo": "Ricksy Business", "temporada_Capitulo": "S01E11", "lista_Personajes": 30}, {"id_Capitulo": 12, "nombre_Capitulo": "A Rickle in Time", "temporada_Capitulo": "S02E01", "lista_Personajes": 13}, {"id_Capitulo": 13, "nombre_Capitulo": "Mortynight Run", "temporada_Capitulo": "S02E02", "lista_Personajes": 36}, {"id_Capitulo": 14, "nombre_Capitulo": "Auto Erotic Assimilation", "temporada_Capitulo": "S02E03", "lista_Personajes": 14}, {"id_Capitulo": 15, "nombre_Capitulo": "Total Rickall", "temporada_Capitulo": "S02E04", "lista_Personajes": 24}, {"id_Capitulo": 16, "nombre_Capitulo": "Get Schwifty", "temporada_Capitulo": "S02E05", "lista_Personajes": 31}, {"id_Capitulo": 17, "nombre_Capitulo": "The Ricks Must Be Crazy", "temporada_Capitulo": "S02E06", "lista_Personajes": 19}, {"id_Capitulo": 18, "nombre_Capitulo": "Big Trouble in Little Sanchez", "temporada_Capitulo": "S02E07", "lista_Personajes": 26}, {"id_Capitulo": 19, "nombre_Capitulo": "Interdimensional Cable 2: Tempting Fate", "temporada_Capitulo": "S02E08", "lista_Personajes": 40}, {"id_Capitulo": 20, "nombre_Capitulo": "Look Who's Purging Now", "temporada_Capitulo": "S02E09", "lista_Personajes": 10}, {"id_Capitulo": 21, "nombre_Capitulo": "The Wedding Squanchers", "temporada_Capitulo": "S02E10", "lista_Personajes": 29}, {"id_Capitulo": 22, "nombre_Capitulo": "The Rickshank Rickdemption", "temporada_Capitulo": "S03E01", "lista_Personajes": 44}, {"id_Capitulo": 23, "nombre_Capitulo": "Rickmancing the Stone", "temporada_Capitulo": "S03E02", "lista_Personajes": 18}, {"id_Capitulo": 24, "nombre_Capitulo": "Pickle Rick", "temporada_Capitulo": "S03E03", "lista_Personajes": 15}, {"id_Capitulo": 25, "nombre_Capitulo": "Vindicators 3: The Return of Worldender", "temporada_Capitulo": "S03E04", "lista_Personajes": 30}, {"id_Capitulo": 26, "nombre_Capitulo": "The Whirly Dirly Conspiracy", "temporada_Capitulo": "S03E05", "lista_Personajes": 21}, {"id_Capitulo": 27, "nombre_Capitulo": "Rest and Ricklaxation", "temporada_Capitulo": "S03E06", "lista_Personajes": 19}, {"id_Capitulo": 28, "nombre_Capitulo": "The Ricklantis Mixup", "temporada_Capitulo": "S03E07", "lista_Personajes": 65}, {"id_Capitulo": 29, "nombre_Capitulo": "Morty's Mind Blowers", "temporada_Capitulo": "S03E08", "lista_Personajes": 20}, {"id_Capitulo": 30, "nombre_Capitulo": "The ABC's of Beth", "temporada_Capitulo": "S03E09", "lista_Personajes": 18}, {"id_Capitulo": 31, "nombre_Capitulo": "The Rickchurian Mortydate", "temporada_Capitulo": "S03E10", "lista_Personajes": 14}, {"id_Capitulo": 32, "nombre_Capitulo": "Edge of Tomorty: Rick, Die, Rickpeat", "temporada_Capitulo": "S04E01", "lista_Personajes": 38}, {"id_Capitulo": 33, "nombre_Capitulo": "The Old Man and the Seat", "temporada_Capitulo": "S04E02", "lista_Personajes": 24}, {"id_Capitulo": 34, "nombre_Capitulo": "One Crew Over the Crewcoo's Morty", "temporada_Capitulo": "S04E03", "lista_Personajes": 23}, {"id_Capitulo": 35, "nombre_Capitulo": "Claw and Hoarder: Special Ricktim's Morty", "temporada_Capitulo": "S04E04", "lista_Personajes": 14}, {"id_Capitulo": 36, "nombre_Capitulo": "Rattlestar Ricklactica", "temporada_Capitulo": "S04E05", "lista_Personajes": 29}, {"id_Capitulo": 37, "nombre_Capitulo": "Never Ricking Morty", "temporada_Capitulo": "S04E06", "lista_Personajes": 49}, {"id_Capitulo": 38, "nombre_Capitulo": "Promortyus", "temporada_Capitulo": "S04E07", "lista_Personajes": 14}, {"id_Capitulo": 39, "nombre_Capitulo": "The Vat of Acid Episode", "temporada_Capitulo": "S04E08", "lista_Personajes": 21}, {"id_Capitulo": 40, "nombre_Capitulo": "Childrick of Mort", "temporada_Capitulo": "S04E09", "lista_Personajes": 10}, {"id_Capitulo": 41, "nombre_Capitulo": "Star Mort: Rickturn of the Jerri", "temporada_Capitulo": "S04E10", "lista_Personajes": 13}, {"id_Capitulo": 42, "nombre_Capitulo": "Mort Dinner Rick Andre", "temporada_Capitulo": "S05E01", "lista_Personajes": 21}, {"id_Capitulo": 43, "nombre_Capitulo": "Mortyplicity", "temporada_Capitulo": "S05E02", "lista_Personajes": 37}, {"id_Capitulo": 44, "nombre_Capitulo": "A Rickconvenient Mort", "temporada_Capitulo": "S05E03", "lista_Personajes": 17}, {"id_Capitulo": 45, "nombre_Capitulo": "Rickdependence Spray", "temporada_Capitulo": "S05E04", "lista_Personajes": 23}, {"id_Capitulo": 46, "nombre_Capitulo": "Amortycan Grickfitti", "temporada_Capitulo": "S05E05", "lista_Personajes": 18}, {"id_Capitulo": 47, "nombre_Capitulo": "Rick & Morty's Thanksploitation Spectacular", "temporada_Capitulo": "S05E06", "lista_Personajes": 23}, {"id_Capitulo": 48, "nombre_Capitulo": "Gotron Jerrysis Rickvangelion", "temporada_Capitulo": "S05E07", "lista_Personajes": 21}, {"id_Capitulo": 49, "nombre_Capitulo": "Rickternal Friendshine of the Spotless Mort", "temporada_Capitulo": "S05E08", "lista_Personajes": 16}, {"id_Capitulo": 50, "nombre_Capitulo": "Forgetting Sarick Mortshall", "temporada_Capitulo": "S05E09", "lista_Personajes": 10}, {"id_Capitulo": 51, "nombre_Capitulo": "Rickmurai Jack", "temporada_Capitulo": "S05E10", "lista_Personajes": 42}]